code,country,gdp_per_capita,median_age,life_expectancy,hospital_beds_per_thousand,diabetes_prevalence,population_density,people_vaccinated_per_hundred,people_fully_vaccinated_per_hundred,excess_mortality_cumulative_per_million
ABW,Aruba,44558.9296875,40.766998291015625,76.22579956054688,,4.599999904632568,598.8444213867188,84.00067,78.26926,3305.7075
AFG,Afghanistan,1983.8126220703125,16.75200080871582,65.61699676513672,0.3499999940395355,11.699999809265137,62.21554946899414,47.19545,45.270844,
AGO,Angola,8901.8876953125,16.389999389648438,64.24549865722656,0.75,4.900000095367432,28.58348274230957,46.44487,26.965265,
AIA,Anguilla,,37.77299880981445,79.11940002441406,,,157.8000030517578,76.45402,73.10238,
ALB,Albania,21641.07421875,35.94300079345703,78.768798828125,2.900000095367432,10.600000381469728,103.19759368896484,47.717087,45.24426,5870.339
AND,Andorra,65928.3046875,42.83200073242188,84.01640319824219,,10.100000381469728,169.62127685546875,72.643684,67.10946,1773.4039
ARE,United Arab Emirates,69701.8046875,30.902999877929688,80.48680114746094,1.870000004768372,20.700000762939453,144.21409606933594,97.54937,95.60813,777.56647
ARG,Argentina,26771.96484375,31.73900032043457,75.80609893798828,3.359999895095825,14.0,16.59227180480957,91.45777,76.860214,4347.6143
ARM,Armenia,20078.78515625,35.814998626708984,74.63330078125,4.239999771118164,7.699999809265137,101.19002532958984,39.95012,35.779274,8289.0625
ASM,American Samoa,,27.927000045776367,72.7520980834961,,,241.8249969482422,,,
ATG,Antigua and Barbuda,29371.638671875,35.071998596191406,77.4832992553711,3.4200000762939453,11.600000381469728,211.0227203369141,69.24071,67.187935,-654.30273
AUS,Australia,60303.98046875,37.512001037597656,82.76619720458984,3.819999933242798,7.400000095367432,3.4062557220458984,84.85075,82.62102,1420.1497
AUT,Austria,63788.078125,42.83200073242188,81.2958984375,6.699999809265137,5.400000095367432,109.84825134277344,76.11823,73.72863,3139.6274
AZE,Azerbaijan,22072.1484375,32.0620002746582,74.125,3.680000066757202,10.199999809265137,124.56511688232422,52.191284,47.230198,3878.8389
BDI,Burundi,1051.25927734375,15.67199993133545,62.88190078735352,0.6899999976158142,4.300000190734863,518.7344970703125,0.27707168,0.27265763,
BEL,Belgium,63347.78515625,41.1510009765625,81.15889739990234,5.420000076293945,5.900000095367432,384.4720458984375,79.55496,78.77591,2598.2983
BEN,Benin,3901.325927734375,17.645999908447266,60.47510147094727,0.4300000071525574,8.100000381469727,122.02471923828124,26.870075,19.934122,
BES,Bonaire Sint Eustatius and Saba,,39.77299880981445,78.15450286865234,,,88.98757934570312,66.68877,58.407204,
BFA,Burkina Faso,2547.67236328125,17.041000366210938,60.70000076293945,0.2000000029802322,4.5,82.2698745727539,27.051752,23.245539,
BGD,Bangladesh,8486.78515625,24.989999771118164,74.26470184326172,0.9200000166893004,13.199999809265137,1301.259033203125,89.4455,83.95181,
BGR,Bulgaria,34221.53125,44.15399932861328,74.0342025756836,8.199999809265137,7.400000095367432,62.87639999389648,31.583748,30.443129,9407.143
BHR,Bahrain,58891.83203125,31.683000564575195,80.99210357666016,1.840000033378601,22.100000381469727,1941.088623046875,80.939445,80.00182,
BHS,Bahamas,36244.05078125,34.23400115966797,74.49109649658203,2.1700000762939453,8.899999618530273,39.71448516845703,43.972713,42.0011,2630.4177
BIH,Bosnia and Herzegovina,20527.693359375,44.55899810791016,76.7771987915039,2.3499999046325684,10.300000190734863,62.593788146972656,29.43689,26.400383,6839.985
BLM,Saint Barthelemy,,38.70700073242188,84.28050231933594,,,,,,
BLR,Belarus,29040.97265625,40.19200134277344,74.36119842529297,9.770000457763672,5.099999904632568,45.19950866699219,71.255,69.931625,9462.535
BLZ,Belize,12621.408203125,25.520999908447266,72.19039916992188,1.0,14.100000381469728,17.656335830688477,64.17847,54.992664,1799.2277
BMU,Bermuda,109311.9375,44.70299911499024,82.06159973144531,,13.399999618530272,1199.4814453125,74.9614,73.576546,3201.5977
BOL,Bolivia,11329.1513671875,24.392000198364254,67.43419647216797,1.4900000095367432,3.400000095367432,11.148487091064451,60.949844,51.01023,5224.8447
BRA,Brazil,19652.365234375,33.50600051879883,74.87190246582031,2.5199999809265137,10.600000381469728,25.161867141723636,90.17482,83.76549,4061.9883
BRB,Barbados,21837.724609375,38.652000427246094,75.67610168457031,6.400000095367432,13.199999809265137,656.5674438476562,58.03722,54.91811,2115.9724
BRN,Brunei,79071.734375,31.275999069213867,72.91709899902344,3.5799999237060547,13.699999809265137,86.40872955322266,99.07219,98.09827,1385.0833
BTN,Bhutan,14610.2958984375,28.809999465942383,72.75399780273438,2.1600000858306885,12.0,20.47511863708496,89.52455,86.778175,748.5082
BWA,Botswana,18068.505859375,22.60400009155273,68.74870300292969,2.359999895095825,4.599999904632568,4.305215835571289,79.96467,68.17876,
CAF,Central African Republic,1111.2193603515625,14.29800033569336,18.817699432373047,1.0,7.599999904632568,8.183309555053711,51.00764,48.74395,
CAN,Canada,56706.82421875,40.25299835205078,81.24929809570312,2.539999961853028,7.699999809265137,4.417178630828857,89.49461,81.80634,1863.0999
CHE,Switzerland,82286.1796875,41.96099853515625,83.20030212402344,4.380000114440918,5.300000190734863,222.53257751464844,69.3447,,2417.983
CHL,Chile,30182.787109375,35.5260009765625,79.17620086669922,1.940000057220459,12.199999809265137,26.29750061035156,92.51003,90.523636,3436.7048
CHN,China,23845.619140625,38.53400039672852,78.20210266113281,5.630000114440918,11.899999618530272,151.8052520751953,92.48145,90.12756,
CIV,Cote d'Ivoire,6747.0380859375,17.992000579833984,61.562198638916016,,5.0,95.58177185058594,44.64014,40.020737,
CMR,Cameroon,4916.93359375,17.62299919128418,62.44279861450195,2.650000095367432,6.900000095367432,58.45607376098633,13.5843525,11.570632,
COD,Democratic Republic of Congo,1602.074951171875,15.765999794006348,60.97890090942383,,7.699999809265137,45.16749954223633,16.646704,14.062447,
COG,Congo,6181.470703125,18.20199966430664,65.00029754638672,,8.100000381469727,17.672340393066406,11.52855,10.838571,
COK,Cook Islands,,34.10900115966797,75.07869720458984,,,61.44583511352539,102.47508,99.87116,
COL,Colombia,18477.21484375,31.18099975585937,76.50810241699219,1.7000000476837158,8.399999618530273,46.63176727294922,83.13468,71.90879,3681.4817
COM,Comoros,3482.534912109375,20.101999282836918,66.48059844970703,,10.800000190734863,448.248779296875,52.60486,47.60061,
CPV,Cape Verde,9848.953125,27.32200050354004,75.90679931640625,2.2100000381469727,6.800000190734863,128.97023010253906,68.63569,59.39779,1312.6262
CRI,Costa Rica,26973.435546875,33.5359992980957,79.31639862060547,1.1399999856948853,9.800000190734863,99.5253448486328,91.516174,85.98951,1839.8452
CUB,Cuba,,41.505001068115234,77.62909698486328,4.329999923706055,9.399999618530272,106.54934692382812,97.70112,90.90253,4898.268
CUW,Curacao,28762.05859375,37.95399856567383,76.72869873046875,,13.399999618530272,417.4549560546875,58.592392,54.42946,
CYM,Cayman Islands,79675.859375,37.499000549316406,79.98410034179688,,11.100000381469728,298.375,86.737885,84.75911,
CYP,Cyprus,52635.58203125,37.3390007019043,80.43370056152344,2.150000095367432,10.0,144.08831787109375,71.37496,69.774,1887.6415
CZE,Czechia,47963.8984375,42.64500045776367,79.16480255126953,6.539999961853027,7.599999904632568,138.27767944335938,65.41614,64.60811,4199.328
DEU,Germany,62554.5546875,45.02399826049805,80.57959747314453,7.550000190734863,7.800000190734863,240.66580200195312,77.15449,75.596375,2896.0676
DJI,Djibouti,6871.12451171875,24.084999084472656,65.54019927978516,1.399999976158142,6.5,49.05526351928711,37.074368,35.28341,
DMA,Dominica,18739.36328125,35.29499816894531,71.08059692382812,3.9700000286102295,12.899999618530272,89.12933349609375,49.358982,45.864437,
DNK,Denmark,71431.2890625,41.21599960327149,81.29060363769531,2.430000066757202,6.400000095367432,147.57252502441406,80.40999,79.82519,969.05524
DOM,Dominican Republic,24229.888671875,27.316999435424805,74.21080017089844,0.75,17.600000381469727,236.2823028564453,65.5985,54.586662,909.64685
DZA,Algeria,15501.919921875,27.982999801635746,76.12889862060547,1.6100000143051147,17.5,19.094181060791016,17.239624,14.251447,2765.3525
ECU,Ecuador,13935.5390625,27.975000381469727,76.57669830322266,1.3200000524520874,4.900000095367432,71.76638793945312,86.09671,79.94636,4727.0576
EGY,Egypt,16798.15234375,23.8129997253418,71.00969696044922,1.059999942779541,22.399999618530277,113.1330108642578,50.53117,37.59353,3195.8435
ERI,Eritrea,,18.405000686645508,67.78919982910156,1.0199999809265137,4.400000095367432,28.167768478393555,,,
ESH,Western Sahara,,31.697999954223636,71.14320373535156,,,2.1381428241729736,,,
ESP,Spain,48460.29296875,44.391998291015625,82.36609649658203,2.9100000858306885,9.699999809265137,95.70783233642578,86.45751,85.17771,3152.1123
EST,Estonia,41189.66796875,41.625,78.16739654541016,4.130000114440918,6.900000095367432,31.58112335205078,64.45496,63.90219,3479.0032
ETH,Ethiopia,2892.22216796875,18.527999877929688,66.89710235595703,0.3300000131130218,4.400000095367432,111.10001373291016,41.86291,34.815372,
FIN,Finland,56123.1484375,42.5260009765625,81.24349975585938,2.609999895095825,6.900000095367432,18.323217391967773,81.236206,78.054924,2894.6838
FJI,Fiji,13592.4638671875,27.475000381469727,67.14810180664062,1.8899999856948853,16.600000381469727,50.324466705322266,77.44217,69.73836,2112.3386
FLK,Falkland Islands,,40.935001373291016,79.0447998046875,,,0.28882497549057,74.87909,50.497868,
FRA,France,54799.34765625,41.56700134277344,82.47530364990234,5.650000095367432,6.5,121.04203033447266,82.49821,80.257324,1920.2988
FRO,Faroe Islands,72059.578125,37.53799819946289,79.26370239257812,,5.300000190734863,39.44452667236328,77.19425,75.67683,-1058.2606
FSM,Micronesia (country),3824.15234375,22.607999801635746,66.96060180664062,,19.200000762939453,160.17428588867188,,,
GAB,Gabon,18923.662109375,21.475000381469727,67.71299743652344,1.950000047683716,8.5,9.43357753753662,12.804443,10.592245,
GBR,United Kingdom,52621.1796875,39.50400161743164,81.07440185546875,2.4200000762939453,7.400000095367432,281.814208984375,78.91978,74.43005,3472.9675
GEO,Georgia,24883.908203125,36.63399887084961,74.14089965820312,4.039999961853027,6.699999809265137,54.60903549194336,43.59945,33.62968,7002.3213
GGY,Guernsey,,43.880001068115234,83.10800170898438,,,,85.05569,82.68235,
GHA,Ghana,7055.625,20.73600006103516,65.24600219726562,0.6899999976158142,2.700000047683716,145.68942260742188,41.82365,32.519695,
GIB,Gibraltar,,38.948001861572266,83.5167007446289,,,3763.10009765625,112.07515,110.18841,599.42505
GIN,Guinea,4016.341796875,17.836000442504883,60.43159866333008,0.3000000119209289,4.599999904632568,57.199806213378906,62.010365,41.650185,
GLP,Guadeloupe,,45.86299896240234,80.90540313720703,,,237.47036743164065,,,3786.34
GMB,Gambia,3057.68408203125,17.985000610351562,64.85900115966797,1.1100000143051147,5.5,260.5209350585937,25.576376,20.451042,
GNB,Guinea-Bissau,2744.27978515625,18.732999801635746,63.60449981689453,,4.800000190734863,74.87677764892578,35.480625,26.0094,
GNQ,Equatorial Guinea,15454.4287109375,21.016000747680664,63.35449981689453,,8.199999809265137,64.29764556884766,14.976527,11.867269,
GRC,Greece,37474.28125,45.39099884033203,79.94409942626953,4.269999980926514,8.0,80.77952575683594,76.23573,73.44144,3780.249
GRD,Grenada,17751.509765625,32.88600158691406,75.15080261230469,3.009999990463257,11.300000190734863,343.9058837890625,37.836105,33.38294,
GRL,Greenland,71037.5390625,33.92399978637695,70.0519027709961,,4.300000190734863,0.1364697217941284,73.60124,68.75246,-2770.572
GTM,Guatemala,12640.8876953125,22.24399948120117,71.2063980102539,0.449999988079071,13.199999809265137,166.5535430908203,50.078354,39.953743,3129.683
GUF,French Guiana,,25.23500061035156,76.79419708251953,,,3.60245132446289,,,1014.2202
GUM,Guam,,30.979999542236328,77.10150146484375,,20.299999237060547,305.9129638671875,,,
GUY,Guyana,70516.71875,25.304000854492188,69.88849639892578,3.240000009536743,16.399999618530273,4.173929214477539,60.555866,46.797615,
HKG,Hong Kong,66153.9765625,45.59099960327149,83.48529815673828,,8.199999809265137,7110.3935546875,92.68869,91.124664,2714.7998
HND,Honduras,6585.85546875,23.20599937438965,72.71510314941406,0.5299999713897705,5.0,93.51934814453124,63.037926,55.94186,
HRV,Croatia,42829.19921875,44.61100006103516,78.27790069580078,5.599999904632568,10.5,69.81828308105469,59.457554,57.63479,5874.8223
HTI,Haiti,2809.645263671875,23.25,63.94829940795898,4.900000095367432,8.5,417.4021301269531,4.5324583,3.1845589,
HUN,Hungary,40686.93359375,42.99300003051758,76.21179962158203,6.630000114440918,8.300000190734863,106.1177749633789,66.29646,64.090385,3964.193
IDN,Indonesia,14470.4375,29.56100082397461,70.92459869384766,1.3700000047683716,11.300000190734863,147.33016967773438,73.31313,62.749634,
IMN,Isle of Man,,45.47600173950195,80.95610046386719,,7.5,147.62806701660156,82.66388,79.74759,
IND,India,9818.04296875,27.68400001525879,71.69840240478516,1.590000033378601,10.5,479.425537109375,72.07957,66.78652,
IRL,Ireland,119037.734375,37.99700164794922,82.05049896240234,2.9600000381469727,3.5999999046325684,74.17643737792969,80.47407,79.5611,2297.698
IRN,Iran,17484.1328125,32.340999603271484,76.79930114746094,1.850000023841858,9.0,55.17673110961914,72.82924,65.44067,3064.1272
IRQ,Iraq,12725.04296875,20.093000411987305,72.03710174560547,1.059999942779541,13.399999618530272,101.51512145996094,25.715412,18.0274,
ISL,Iceland,67310.0546875,35.74700164794922,81.58769989013672,2.8299999237060547,6.900000095367432,3.772369384765625,81.43955,78.32783,1814.9749
ISR,Israel,47338.84375,29.086000442504883,82.81449890136719,3.140000104904175,10.100000381469728,420.6628112792969,77.50582,70.14864,1608.0732
ITA,Italy,53265.00390625,47.11600112915039,82.052001953125,3.059999942779541,7.699999809265137,201.6086578369141,85.436905,83.00122,4421.9893
JAM,Jamaica,11340.263671875,31.152999877929688,71.48090362548828,1.649999976158142,12.5,262.1560363769531,30.28276,26.796753,2038.9644
JEY,Jersey,,42.867000579833984,79.72570037841797,,,,81.51759,79.11839,
JOR,Jordan,9520.2509765625,23.94300079345703,77.08799743652344,1.409999966621399,20.5,126.76834869384766,42.83461,40.495773,1427.4072
JPN,Japan,46106.921875,48.54800033569336,84.0541000366211,12.59000015258789,8.100000381469727,342.92889404296875,83.79367,82.76578,1702.1892
KAZ,Kazakhstan,35973.96484375,29.347999572753903,73.50279998779297,6.539999961853027,6.800000190734863,7.421051502227783,54.196712,53.0535,4047.5574
KEN,Kenya,5845.201171875,19.27199935913086,63.54909896850586,1.3300000429153442,3.0999999046325684,95.32357025146484,26.716526,20.442282,
KGZ,Kyrgyzstan,7048.98974609375,24.975000381469727,71.48699951171875,3.7300000190734863,7.599999904632568,36.26586151123047,24.965395,20.2136,2107.952
KHM,Cambodia,7008.88916015625,25.59600067138672,70.52799987792969,0.7300000190734863,7.5,97.44913482666016,89.0415,85.417465,
KIR,Kiribati,3257.13623046875,22.52899932861328,66.2686996459961,1.8600000143051147,24.600000381469727,161.09011840820312,77.32808,62.44032,
KNA,Saint Kitts and Nevis,30656.44140625,34.97100067138672,70.31310272216797,3.9800000190734863,13.800000190734863,179.73846435546875,72.314476,57.776257,7430.0425
KOR,South Korea,55070.9375,43.94400024414063,82.72699737548828,12.8100004196167,9.600000381469728,530.5585327148438,86.44801,85.64171,1650.1198
KWT,Kuwait,46137.46875,33.4630012512207,78.78810119628906,2.3299999237060547,25.600000381469727,257.5484924316406,75.33473,72.90916,1457.4116
LAO,Laos,8600.32421875,23.972000122070312,68.71520233154297,1.7100000381469729,6.699999809265137,32.75133514404297,77.902405,69.08865,
LBN,Lebanon,11330.2685546875,28.106000900268555,78.00289916992188,2.7300000190734863,12.300000190734863,561.533935546875,47.701817,42.026745,2354.6365
LBR,Liberia,1646.05859375,18.18000030517578,61.934200286865234,1.590000033378601,9.199999809265137,55.785892486572266,72.65189,69.43534,
LBY,Libya,12583.833984375,26.91699981689453,74.46150207519531,3.5,15.800000190734863,4.105506896972656,32.065197,17.111511,
LCA,Saint Lucia,24252.46875,33.316001892089844,72.6698989868164,1.090000033378601,11.399999618530272,293.1049194335937,33.636475,30.74544,
LIE,Liechtenstein,,44.01399993896485,83.40540313720703,,7.199999809265137,245.8625030517578,68.05379,,1226.839
LKA,Sri Lanka,13752.8369140625,32.56100082397461,77.29959869384766,3.930000066757202,10.199999809265137,369.1394348144531,75.0768,64.60631,
LSO,Lesotho,2640.285400390625,21.263999938964844,56.8119010925293,,6.199999809265137,75.30013275146484,44.357975,41.03421,
LTU,Lithuania,47165.3671875,42.632999420166016,74.69599914550781,5.710000038146973,7.5,44.991580963134766,69.51908,66.77875,9580.694
LUX,Luxembourg,128475.28125,38.67599868774414,82.20069885253906,3.950000047683716,5.800000190734863,253.7677764892578,73.770996,5.796285,-738.27344
LVA,Latvia,37611.671875,42.94599914550781,74.87059783935547,4.949999809265137,7.099999904632568,30.227527618408203,71.565216,69.4277,5738.6733
MAC,Macao,111693.5,37.83100128173828,82.10250091552734,,8.100000381469727,21344.2421875,96.499374,91.18433,1807.8406
MAF,Saint Martin (French part),,38.400001525878906,80.2354965209961,,,577.97998046875,,,
MAR,Morocco,9162.7470703125,28.875,75.1613998413086,0.7300000190734863,11.899999618530272,83.64119720458984,67.02596,63.012527,
MCO,Monaco,,54.97499847412109,85.74639892578125,21.989999771118164,6.900000095367432,18690.01953125,74.13351,65.8973,5897.3447
MDA,Moldova,16376.611328125,37.47800064086914,71.54650115966797,5.539999961853027,6.300000190734863,92.2046127319336,36.49767,35.492302,5307.2017
MDG,Madagascar,1657.0496826171875,18.718000411987305,63.06769943237305,0.3199999928474426,4.599999904632568,52.315677642822266,8.904759,8.636944,
MDV,Maldives,23034.41015625,30.339000701904297,80.7594985961914,4.559999942779541,9.5,1747.0533447265625,76.18695,73.488884,1109.1743
MEX,Mexico,22039.62890625,28.527999877929688,73.97309875488281,1.0099999904632568,16.399999618530273,66.16070556640625,75.55955,63.640446,5050.4736
MHL,Marshall Islands,7209.2666015625,20.96500015258789,66.72450256347656,,25.700000762939453,222.74444580078125,,,
MKD,North Macedonia,24203.28515625,39.90999984741211,76.64550018310547,4.739999771118164,7.400000095367432,72.96733093261719,46.438065,45.547474,8062.4946
MLI,Mali,2916.185302734375,15.348999977111816,60.034698486328125,0.25,4.800000190734863,18.909055709838867,18.8721,15.748474,
MLT,Malta,62700.49609375,39.74599838256836,82.24960327148438,4.090000152587891,10.0,1650.606201171875,90.677475,89.27875,1421.1119
MMR,Myanmar,5276.29443359375,29.250999450683597,66.50579833984375,1.0700000524520874,6.699999809265137,82.36442565917969,77.29614,66.85257,
MNE,Montenegro,28105.708984375,39.08000183105469,75.92140197753906,3.819999933242798,10.699999809265137,45.69881057739258,47.63418,46.346615,4545.353
MNG,Mongolia,16842.650390625,26.617000579833984,71.50489807128906,8.579999923706055,10.300000190734863,2.173996686935425,67.45445,64.53846,-4.931671
MNP,Northern Mariana Islands,,35.17900085449219,78.53119659423828,,,100.21956634521484,,,
MOZ,Mozambique,1500.3143310546875,16.249000549316406,63.01150131225586,0.7400000095367432,3.0,41.527305603027344,70.03147,65.31598,
MRT,Mauritania,6482.68994140625,16.992000579833984,68.28070068359375,,5.199999809265137,4.730420112609863,43.148228,31.597816,
MSR,Montserrat,,41.3849983215332,76.0376968383789,,,44.7599983215332,47.006256,43.610367,
MTQ,Martinique,,48.23899841308594,80.8364028930664,,,329.6811218261719,,,3552.5
MUS,Mauritius,28011.158203125,36.51300048828125,73.54450225830078,3.799999952316284,20.100000381469727,639.0255126953125,88.06074,85.26863,962.8138
MWI,Malawi,1634.24658203125,17.334999084472656,66.03700256347656,1.2999999523162842,5.699999809265137,218.1664276123047,26.416496,20.847246,
MYS,Malaysia,34116.23046875,29.572999954223636,75.44419860839844,1.9600000381469729,21.100000381469727,105.60186767578124,81.101494,79.40842,1352.5674
MYT,Mayotte,,16.697999954223633,75.1272964477539,,,816.2540283203125,,,1602.3237
NAM,Namibia,10281.3359375,20.825000762939453,64.19029998779297,,5.300000190734863,3.5099029541015625,21.793749,19.067173,1225.8562
NCL,New Caledonia,,33.5890007019043,77.69830322265625,,22.0,15.707330703735352,66.99927,64.36666,1809.544
NER,Niger,1803.4368896484373,15.10200023651123,60.39810180664063,0.2800000011920929,4.099999904632568,19.982614517211918,24.685875,21.661686,
NGA,Nigeria,7994.2158203125,17.566999435424805,54.07899856567383,,3.0,245.01345825195312,42.047527,36.431763,
NIC,Nicaragua,7661.60205078125,24.91200065612793,74.46260070800781,0.9700000286102296,10.399999618530272,55.93038177490234,95.15444,91.026825,2541.8403
NIU,Niue,,36.72100067138672,69.81819915771484,,,7.092307567596436,88.828636,88.66595,
NLD,Netherlands,70498.8828125,41.4630012512207,81.91210174560547,2.4200000762939453,5.0,531.7618408203125,70.2736,65.73038,2956.0293
NOR,Norway,91105.25,39.43600082397461,82.63089752197266,3.299999952316284,4.800000190734863,14.98008632659912,79.66204,74.42668,1659.9008
NPL,Nepal,5046.81591796875,24.356000900268555,70.08689880371094,0.5400000214576721,7.699999809265137,207.2928771972656,93.83405,82.35129,
NRU,Nauru,12468.76171875,20.572999954223636,61.93040084838867,,21.799999237060547,591.0999755859375,110.86111,95.97361,
NZL,New Zealand,49316.3984375,37.06800079345703,81.006103515625,2.509999990463257,6.699999809265137,19.48931312561035,83.83779,83.63098,99.53902
OMN,Oman,36721.08203125,28.972999572753903,77.91059875488281,0.9900000095367432,17.0,15.283453941345217,69.33347,64.45409,776.93835
OWID_KOS,Kosovo,15716.29296875,30.808000564575195,77.62329864501953,,10.399999618530272,,52.787216,48.027126,2258.7173
PAK,Pakistan,5500.32373046875,20.14800071716309,67.41670227050781,0.6299999952316284,31.399999618530277,316.1330871582031,67.93904,57.64279,
PAN,Panama,36394.91796875,29.27300071716309,79.3240966796875,1.950000047683716,11.100000381469728,59.325626373291016,85.1223,72.23046,1724.4185
PCN,Pitcairn,,,,,,,,,
PER,Peru,15661.75,29.09600067138672,76.83399963378906,1.559999942779541,6.400000095367432,26.152685165405277,91.301895,85.76331,5901.3433
PHL,Philippines,10375.9404296875,24.86599922180176,69.47229766845703,0.9700000286102296,7.5,382.212646484375,72.5532,68.83203,2478.1057
PLW,Palau,16425.97265625,37.48400115966797,68.92220306396484,,19.299999237060547,38.66086959838867,,,
PNG,Papua New Guinea,4288.5283203125,22.12700080871582,65.27359771728516,0.6200000047683716,14.100000381469728,22.530532836914062,3.744128,3.1479607,
POL,Poland,45153.04296875,40.86399841308594,77.92289733886719,6.039999961853027,8.100000381469727,125.40259552001952,59.877827,59.15184,3801.3904
PRI,Puerto Rico,44205.75,45.196998596191406,79.4269027709961,,10.899999618530272,365.38580322265625,,,3752.0916
PRK,North Korea,,35.80500030517578,73.64109802246094,12.800000190734863,9.899999618530272,218.65994262695312,,,
PRT,Portugal,42197.203125,45.805999755859375,81.193603515625,3.4800000190734863,10.5,113.71656036376952,94.28189,85.53044,3252.1348
PRY,Paraguay,16296.283203125,26.045000076293945,72.31849670410156,1.0399999618530271,9.399999618530272,17.016008377075195,59.107147,52.521175,4341.4536
PSE,Palestine,3845.5029296875,19.604999542236328,76.66239929199219,1.2999999523162842,15.5,880.5433959960938,37.938984,33.49446,922.9372
PYF,French Polynesia,,34.15999984741211,83.8593978881836,,22.799999237060547,80.78018188476562,68.08708,66.62304,1414.7798
QAT,Qatar,110889.7890625,32.45800018310547,81.85659790039062,1.25,24.600000381469727,251.73768615722656,98.60714,98.60714,684.50916
REU,Reunion,,37.06499862670898,81.5,,,347.2283020019531,,,1010.0856
ROU,Romania,40504.0,42.39099884033203,75.26139831542969,7.230000019073486,7.5,83.3048324584961,28.562483,42.337685,4645.955
RUS,Russia,41666.83203125,39.07099914550781,72.51740264892578,6.809999942779541,5.900000095367432,8.889359474182129,61.19087,54.74822,9344.609
RWA,Rwanda,3264.64453125,19.21999931335449,67.52799987792969,0.75,2.0999999046325684,553.3451538085938,79.735504,76.182304,
SAU,Saudi Arabia,62792.7734375,28.731000900268555,77.30979919433594,2.4100000858306885,23.100000381469727,14.967437744140623,84.043724,79.047905,
SDN,Sudan,1861.39794921875,18.1200008392334,65.69499969482422,0.6600000262260437,19.0,26.436479568481445,30.794699,27.167852,
SEN,Senegal,4460.923828125,18.88800048828125,67.78839874267578,0.7099999785423279,3.799999952316284,91.6797332763672,15.209795,8.77376,
SGP,Singapore,132569.53125,34.87799835205078,82.92109680175781,2.809999942779541,11.399999618530272,7868.9248046875,93.57716,92.89906,1552.2904
SHN,Saint Helena,,50.2140007019043,76.73519897460938,,,13.766666412353516,81.225555,65.76643,
SLB,Solomon Islands,2353.248046875,20.030000686645508,70.40859985351562,,12.0,27.905502319335938,44.018948,32.56435,
SLE,Sierra Leone,3098.762939453125,19.040000915527344,61.27479934692383,,4.800000190734863,114.66900634765624,68.578636,59.949265,
SLV,El Salvador,11669.08203125,26.51000022888184,71.96949768066406,1.2100000381469729,12.699999809265137,303.10406494140625,74.19961,70.025406,753.09076
SMR,San Marino,70951.7890625,46.78200149536133,85.70819854736328,3.3499999046325684,8.600000381469727,568.5499877929688,77.2638,69.27857,4342.66
SOM,Somalia,1409.3349609375,15.371000289916992,53.93149948120117,0.8700000047683716,5.800000190734863,28.376789093017575,50.400066,43.06752,
SPM,Saint Pierre and Miquelon,,45.98899841308594,76.69869995117188,,,25.04347801208496,,,
SRB,Serbia,26900.853515625,43.67499923706055,75.47779846191406,5.78000020980835,10.5,80.76126861572266,49.38844,48.271156,8130.2847
SSD,South Sudan,,17.59000015258789,57.202598571777344,,4.599999904632568,17.440500259399414,39.153057,38.773117,
STP,Sao Tome and Principe,5491.29833984375,18.86899948120117,69.23680114746094,2.9100000858306885,12.100000381469728,235.74270629882807,61.974346,49.482796,
SUR,Suriname,19179.1015625,27.864999771118164,73.25379943847656,2.869999885559082,13.800000190734863,3.994692325592041,42.9769,38.172287,3481.618
SVK,Slovakia,40319.0546875,40.90399932861328,77.03559875488281,5.570000171661377,7.099999904632568,113.83516693115234,51.889565,51.00697,5263.4023
SVN,Slovenia,48648.90625,43.49700164794922,80.79329681396484,4.110000133514404,7.0,105.0451431274414,59.84226,57.782104,2868.9695
SWE,Sweden,62978.9375,39.72800064086914,83.0459976196289,1.899999976158142,5.800000190734863,25.74946975708008,74.14397,72.40806,1910.3687
SWZ,Eswatini,10380.396484375,21.76799964904785,63.02830123901367,2.0199999809265137,7.900000095367432,70.86750030517578,43.15702,35.058464,
SXM,Sint Maarten (Dutch part),47303.1953125,41.47999954223633,76.1803970336914,,,1240.0882568359375,70.64962,63.498802,
SYC,Seychelles,29241.775390625,33.38800048828125,71.24810028076172,2.630000114440918,9.300000190734863,272.8978271484375,70.51532,66.56815,-874.87933
SYR,Syria,4454.853515625,21.58799934387207,72.78980255126953,1.4299999475479126,19.0,122.32298278808594,14.671913,10.499275,
TCA,Turks and Caicos Islands,33390.52734375,37.86600112915039,77.9176025390625,,,48.28315734863281,71.540695,66.95154,
TCD,Chad,2412.865966796875,15.10200023651123,54.52750015258789,0.1500000059604644,7.300000190734863,14.656384468078612,27.892593,27.202782,
TGO,Togo,2960.775390625,18.113000869750977,62.289798736572266,0.3300000131130218,4.800000190734863,148.347412109375,27.954967,19.260626,
THA,Thailand,21740.541015625,39.19400024414063,75.29129791259766,2.390000104904175,10.199999809265137,140.41246032714844,79.46643,74.56032,2781.7136
TJK,Tajikistan,4755.93310546875,21.742000579833984,71.5624008178711,4.039999961853027,8.0,73.3642807006836,52.329185,50.99001,1503.0742
TKL,Tokelau,,26.55500030517578,76.88700103759766,,,231.1999969482422,95.28547,95.28547,
TKM,Turkmenistan,18662.298828125,25.93099975585937,69.91329956054688,3.5999999046325684,7.099999904632568,15.385689735412598,63.82771,63.19193,
TLS,East Timor,3890.95751953125,20.63999938964844,67.36840057373047,0.3799999952316284,3.200000047683716,92.08466339111328,64.76584,58.552513,
TON,Tonga,7030.4189453125,20.72599983215332,72.63529968261719,,19.600000381469727,145.90695190429688,83.1723,73.66758,
TTO,Trinidad and Tobago,31960.15625,36.22600173950195,73.33080291748047,2.369999885559082,12.399999618530272,291.6029357910156,50.430336,48.061897,
TUN,Tunisia,12774.916015625,31.74399948120117,76.05049896240234,1.8200000524520876,16.0,78.00809478759766,73.41035,52.823357,1961.1783
TUR,Turkey,36154.4921875,32.071998596191406,77.59130096435547,3.049999952316284,16.5,113.11730194091795,66.554184,61.081894,3425.286
TUV,Tuvalu,5812.3994140625,24.256000518798828,66.85160064697266,,19.0,333.7333374023437,97.512985,94.93607,
TWN,Taiwan,,42.91699981689453,80.15689849853516,,,661.3981323242188,93.50615,88.783066,1620.1631
TZA,Tanzania,3713.262939453125,17.124000549316406,66.87860107421875,0.8399999737739563,9.800000190734863,73.0546646118164,53.212738,49.706203,
UGA,Uganda,2879.670166015625,16.33799934387207,67.67469787597656,,2.200000047683716,235.9501190185547,42.34208,27.605951,
UKR,Ukraine,16318.43359375,41.45100021362305,72.658203125,6.139999866485596,6.0,70.84703063964844,39.628956,38.347157,4533.1055
URY,Uruguay,32038.7734375,35.49599838256836,76.46820068359375,2.440000057220459,7.800000190734863,19.374431610107425,88.780334,85.616646,2139.8403
USA,United States,75489.265625,37.720001220703125,77.97889709472656,2.680000066757202,13.699999809265137,37.33665084838867,79.1216,67.52983,3967.7212
UZB,Uzbekistan,10450.205078125,26.836000442504883,72.14649963378906,4.889999866485596,7.5,79.2890396118164,63.237354,52.81149,1821.1212
VAT,Vatican,,59.875,83.33540344238281,,,1165.9090576171875,,,
VCT,Saint Vincent and the Grenadines,18714.19921875,33.632999420166016,71.19059753417969,3.2100000381469727,8.600000381469727,261.70001220703125,36.773365,30.992622,1232.5092
VEN,Venezuela,,28.809999465942383,72.56559753417969,0.9900000095367432,8.600000381469727,31.98573303222656,78.5355,53.048817,
VGB,British Virgin Islands,,37.119998931884766,77.177001953125,,,255.63999938964844,50.764095,47.621655,
VIR,United States Virgin Islands,46479.30078125,44.57099914550781,75.0448989868164,,9.100000381469728,247.20285034179688,,,
VNM,Vietnam,14415.2158203125,31.9379997253418,74.50250244140625,2.5199999809265137,3.400000095367432,318.0326538085937,90.7876,86.23695,
VUT,Vanuatu,3172.047607421875,20.121000289916992,71.30159759521484,,19.700000762939453,25.681787490844727,56.418396,51.82696,
WLF,Wallis and Futuna,,36.5989990234375,78.50050354003906,,,82.1500015258789,62.168507,59.15138,
WSM,Samoa,7686.24951171875,20.090999603271484,71.55030059814453,,25.399999618530277,77.43524932861328,88.912994,82.66549,
YEM,Yemen,,18.118000030517575,67.95169830322266,0.4600000083446502,5.5,72.39592742919922,2.7475743,2.1114502,
ZAF,South Africa,13597.654296875,27.91900062561035,65.45359802246094,,7.199999809265137,51.42109680175781,38.81303,33.727688,5123.385
ZMB,Zambia,3708.069091796875,17.288000106811523,65.27909851074219,,10.300000190734863,27.10950469970703,58.113445,45.719406,
ZWE,Zimbabwe,5215.2529296875,17.683000564575195,62.36009979248047,1.950000047683716,1.5,41.53822326660156,46.83461,35.236153,
